Profile,Proportion
Clientes Emergentes,0.4129448292333413
Clientes Churn,0.3580128970623358
Clientes VIP,0.2290422737043229
